1,/tommyinnit,https://static-cdn.jtvnw.net/jtv_user_pictures/1a50f189-3f73-4a93-a6e4-d53e8a26fceb-profile_image-300x300.jpeg
2,/tubbo,https://static-cdn.jtvnw.net/jtv_user_pictures/905af69a-4fd8-42c7-b842-bf4ee4d51b3b-profile_image-300x300.png
3,/ranboolive,https://static-cdn.jtvnw.net/jtv_user_pictures/8de4d844-586d-4be9-8570-04a0678fa99e-profile_image-300x300.png
4,/rocketleague,https://static-cdn.jtvnw.net/jtv_user_pictures/c1ec120e-f191-4869-8311-7296ab7c4b66-profile_image-300x300.png
5,/wilbursoot,https://static-cdn.jtvnw.net/jtv_user_pictures/96a94fcc-65e6-46f7-af5c-dc308155a63b-profile_image-300x300.png
6,/adinross,https://static-cdn.jtvnw.net/jtv_user_pictures/10c197cb-295f-4d40-8a6c-26a0a5da22ee-profile_image-300x300.png
7,/asmongold,https://static-cdn.jtvnw.net/jtv_user_pictures/asmongold-profile_image-f7ddcbd0332f5d28-300x300.png
8,/thisisnotgeorgenotfound,https://static-cdn.jtvnw.net/jtv_user_pictures/c9d670e8-7e7c-4b46-bba4-acfde8a8f876-profile_image-300x300.png
9,/quackitytoo,https://static-cdn.jtvnw.net/jtv_user_pictures/e4b8f0d6-91ed-4233-b923-aae2c9269992-profile_image-300x300.png
10,/xqcow,https://static-cdn.jtvnw.net/jtv_user_pictures/xqcow-profile_image-9298dca608632101-300x300.jpeg
11,/e3,https://static-cdn.jtvnw.net/jtv_user_pictures/4fcfc848-3142-4529-bd1f-c7bca0dd8052-profile_image-300x300.png
12,/blastpremier,https://static-cdn.jtvnw.net/jtv_user_pictures/d4c6f373-44b7-4e3a-a3d5-90cabbf1859d-profile_image-300x300.png
13,/tubbolive,https://static-cdn.jtvnw.net/jtv_user_pictures/82db33be-a407-46d8-b6b6-3e85825160b8-profile_image-300x300.png
14,/karlnetwork,https://static-cdn.jtvnw.net/jtv_user_pictures/739c4153-8b64-478c-9730-85ae115dc895-profile_image-300x300.png
15,/austinshow,https://static-cdn.jtvnw.net/jtv_user_pictures/9e894c05-6131-4414-bf01-a65e9f88b13a-profile_image-300x300.png
16,/criticalrole,https://static-cdn.jtvnw.net/jtv_user_pictures/713c5830-1210-4196-99e9-d873a0bf2033-profile_image-300x300.png
17,/lec,https://static-cdn.jtvnw.net/jtv_user_pictures/8d6efcd7-aab6-42ce-aec3-6edaa7efdf09-profile_image-300x300.png
18,/gamesdonequick,https://static-cdn.jtvnw.net/jtv_user_pictures/b3fc1f16-0818-4121-8711-c31b9469bc21-profile_image-300x300.png
19,/nintendo,https://static-cdn.jtvnw.net/jtv_user_pictures/4074674c-ad77-412d-aafe-6d276b3cacda-profile_image-300x300.png
20,/nickmercs,https://static-cdn.jtvnw.net/jtv_user_pictures/b3c347ed-1a7a-40a2-8bee-8a7c4426eb33-profile_image-300x300.png
21,/jackmanifoldtv,https://static-cdn.jtvnw.net/jtv_user_pictures/c8cc1739-d4e7-469d-a3a5-0b53d9a1dff1-profile_image-300x300.png
22,/timthetatman,https://static-cdn.jtvnw.net/jtv_user_pictures/bd6ad02e-9bc7-4956-b62f-7277d9981109-profile_image-300x300.png
23,/beyondthesummit2,https://static-cdn.jtvnw.net/jtv_user_pictures/2a10ce05-a150-49cd-8268-7a3661fd87b4-profile_image-300x300.jpg
24,/mizkif,https://static-cdn.jtvnw.net/jtv_user_pictures/ddd88d33-6c4f-424f-9246-5f4978c93148-profile_image-300x300.png
25,/philza,https://static-cdn.jtvnw.net/jtv_user_pictures/0c784204-f3aa-454f-aacc-8e304a6afc72-profile_image-300x300.png
26,/sapnapalt,https://static-cdn.jtvnw.net/jtv_user_pictures/6ea3a5e7-f439-4387-9825-4a640ee55756-profile_image-300x300.png
27,/sykkuno,https://static-cdn.jtvnw.net/jtv_user_pictures/sykkuno-profile_image-6ab1e70e07e29e9b-300x300.jpeg
28,/badboyhalo,https://static-cdn.jtvnw.net/jtv_user_pictures/c2277621-ce23-4f16-b75e-1d12ef23b617-profile_image-300x300.png
29,/lck,https://static-cdn.jtvnw.net/jtv_user_pictures/04b097ac-9a71-409e-b30e-570175b39caf-profile_image-300x300.png
30,/brawlhalla,https://static-cdn.jtvnw.net/jtv_user_pictures/501d25e0-fa79-4fb0-b9d5-c60797608823-profile_image-300x300.png
31,/rainbow6,https://static-cdn.jtvnw.net/jtv_user_pictures/6ea01746-5596-47eb-891b-55c4511b524a-profile_image-300x300.png
32,/trainwreckstv,https://static-cdn.jtvnw.net/jtv_user_pictures/1f47965f-7961-4b64-ad6f-71808d7d7fe9-profile_image-300x300.png
33,/hasanabi,https://static-cdn.jtvnw.net/jtv_user_pictures/0347a9aa-e396-49a5-b0f1-31261704bab8-profile_image-300x300.jpeg
34,/fazebanks,https://static-cdn.jtvnw.net/jtv_user_pictures/7523bcff-ce20-4cdd-8706-bc1058768775-profile_image-300x300.png
35,/loltyler1,https://static-cdn.jtvnw.net/jtv_user_pictures/f3591dbe4ee3d94b-profile_image-300x300.png
36,/shroud,https://static-cdn.jtvnw.net/jtv_user_pictures/7ed5e0c6-0191-4eef-8328-4af6e4ea5318-profile_image-300x300.png
37,/lcs,https://static-cdn.jtvnw.net/jtv_user_pictures/79c4b6e4-0c9f-481b-88f6-d1353345eade-profile_image-300x300.png
38,/tenz,https://static-cdn.jtvnw.net/jtv_user_pictures/be617983-20cf-4bf2-97a6-5363d0205ae6-profile_image-300x300.png
39,/esl_dota2,https://static-cdn.jtvnw.net/jtv_user_pictures/52ef5525-b19f-44f1-b342-2a7e33c45cc3-profile_image-300x300.jpeg
40,/nmplol,https://static-cdn.jtvnw.net/jtv_user_pictures/e4d9bf96-311d-487a-b5eb-9f9a94e0f795-profile_image-300x300.png
41,/buddha,https://static-cdn.jtvnw.net/jtv_user_pictures/7f1cd66d-f145-4a0f-8e0e-5196c9c87410-profile_image-300x300.png
42,/pokimane,https://static-cdn.jtvnw.net/jtv_user_pictures/beeafc17-3ebe-4e1d-b250-404f1ea56988-profile_image-300x300.png
43,/crown,https://static-cdn.jtvnw.net/jtv_user_pictures/6781c083-9dde-444d-92cd-7e7704967147-profile_image-300x300.png
44,/summit1g,https://static-cdn.jtvnw.net/jtv_user_pictures/99aa4739-21d6-40af-86ae-4b4d3457fce4-profile_image-300x300.png
45,/lirik,https://static-cdn.jtvnw.net/jtv_user_pictures/27fdad08-a2c2-4e0b-8983-448c39519643-profile_image-300x300.png
46,/valorant,https://static-cdn.jtvnw.net/jtv_user_pictures/811dc7d4-1079-4ead-8b48-97f3ff4fa361-profile_image-300x300.png
47,/roshtein,https://static-cdn.jtvnw.net/jtv_user_pictures/fdff3559-e0cc-4c12-b93a-13c0d9a02c64-profile_image-300x300.png
48,/nasa,https://static-cdn.jtvnw.net/jtv_user_pictures/nasa-profile_image-739106d9e1948b76-300x300.png
49,/g4tv,https://static-cdn.jtvnw.net/jtv_user_pictures/1613b6a1-2a81-4f7b-84b9-ed43ad322727-profile_image-300x300.png
50,/ricegum,https://static-cdn.jtvnw.net/jtv_user_pictures/ricegum-profile_image-f71f2c4fb046645a-300x300.png
51,/tommyinnit,https://static-cdn.jtvnw.net/jtv_user_pictures/1a50f189-3f73-4a93-a6e4-d53e8a26fceb-profile_image-300x300.jpeg
52,/tubbo,https://static-cdn.jtvnw.net/jtv_user_pictures/905af69a-4fd8-42c7-b842-bf4ee4d51b3b-profile_image-300x300.png
53,/ranboolive,https://static-cdn.jtvnw.net/jtv_user_pictures/8de4d844-586d-4be9-8570-04a0678fa99e-profile_image-300x300.png
54,/rocketleague,https://static-cdn.jtvnw.net/jtv_user_pictures/c1ec120e-f191-4869-8311-7296ab7c4b66-profile_image-300x300.png
55,/wilbursoot,https://static-cdn.jtvnw.net/jtv_user_pictures/96a94fcc-65e6-46f7-af5c-dc308155a63b-profile_image-300x300.png
56,/adinross,https://static-cdn.jtvnw.net/jtv_user_pictures/10c197cb-295f-4d40-8a6c-26a0a5da22ee-profile_image-300x300.png
57,/asmongold,https://static-cdn.jtvnw.net/jtv_user_pictures/asmongold-profile_image-f7ddcbd0332f5d28-300x300.png
58,/thisisnotgeorgenotfound,https://static-cdn.jtvnw.net/jtv_user_pictures/c9d670e8-7e7c-4b46-bba4-acfde8a8f876-profile_image-300x300.png
59,/quackitytoo,https://static-cdn.jtvnw.net/jtv_user_pictures/e4b8f0d6-91ed-4233-b923-aae2c9269992-profile_image-300x300.png
60,/xqcow,https://static-cdn.jtvnw.net/jtv_user_pictures/xqcow-profile_image-9298dca608632101-300x300.jpeg
61,/e3,https://static-cdn.jtvnw.net/jtv_user_pictures/4fcfc848-3142-4529-bd1f-c7bca0dd8052-profile_image-300x300.png
62,/blastpremier,https://static-cdn.jtvnw.net/jtv_user_pictures/d4c6f373-44b7-4e3a-a3d5-90cabbf1859d-profile_image-300x300.png
63,/tubbolive,https://static-cdn.jtvnw.net/jtv_user_pictures/82db33be-a407-46d8-b6b6-3e85825160b8-profile_image-300x300.png
64,/karlnetwork,https://static-cdn.jtvnw.net/jtv_user_pictures/739c4153-8b64-478c-9730-85ae115dc895-profile_image-300x300.png
65,/austinshow,https://static-cdn.jtvnw.net/jtv_user_pictures/9e894c05-6131-4414-bf01-a65e9f88b13a-profile_image-300x300.png
66,/criticalrole,https://static-cdn.jtvnw.net/jtv_user_pictures/713c5830-1210-4196-99e9-d873a0bf2033-profile_image-300x300.png
67,/lec,https://static-cdn.jtvnw.net/jtv_user_pictures/8d6efcd7-aab6-42ce-aec3-6edaa7efdf09-profile_image-300x300.png
68,/gamesdonequick,https://static-cdn.jtvnw.net/jtv_user_pictures/b3fc1f16-0818-4121-8711-c31b9469bc21-profile_image-300x300.png
69,/nintendo,https://static-cdn.jtvnw.net/jtv_user_pictures/4074674c-ad77-412d-aafe-6d276b3cacda-profile_image-300x300.png
70,/nickmercs,https://static-cdn.jtvnw.net/jtv_user_pictures/b3c347ed-1a7a-40a2-8bee-8a7c4426eb33-profile_image-300x300.png
71,/jackmanifoldtv,https://static-cdn.jtvnw.net/jtv_user_pictures/c8cc1739-d4e7-469d-a3a5-0b53d9a1dff1-profile_image-300x300.png
72,/timthetatman,https://static-cdn.jtvnw.net/jtv_user_pictures/bd6ad02e-9bc7-4956-b62f-7277d9981109-profile_image-300x300.png
73,/beyondthesummit2,https://static-cdn.jtvnw.net/jtv_user_pictures/2a10ce05-a150-49cd-8268-7a3661fd87b4-profile_image-300x300.jpg
74,/mizkif,https://static-cdn.jtvnw.net/jtv_user_pictures/ddd88d33-6c4f-424f-9246-5f4978c93148-profile_image-300x300.png
75,/philza,https://static-cdn.jtvnw.net/jtv_user_pictures/0c784204-f3aa-454f-aacc-8e304a6afc72-profile_image-300x300.png
76,/sapnapalt,https://static-cdn.jtvnw.net/jtv_user_pictures/6ea3a5e7-f439-4387-9825-4a640ee55756-profile_image-300x300.png
77,/sykkuno,https://static-cdn.jtvnw.net/jtv_user_pictures/sykkuno-profile_image-6ab1e70e07e29e9b-300x300.jpeg
78,/badboyhalo,https://static-cdn.jtvnw.net/jtv_user_pictures/c2277621-ce23-4f16-b75e-1d12ef23b617-profile_image-300x300.png
79,/lck,https://static-cdn.jtvnw.net/jtv_user_pictures/04b097ac-9a71-409e-b30e-570175b39caf-profile_image-300x300.png
80,/brawlhalla,https://static-cdn.jtvnw.net/jtv_user_pictures/501d25e0-fa79-4fb0-b9d5-c60797608823-profile_image-300x300.png
81,/rainbow6,https://static-cdn.jtvnw.net/jtv_user_pictures/6ea01746-5596-47eb-891b-55c4511b524a-profile_image-300x300.png
82,/trainwreckstv,https://static-cdn.jtvnw.net/jtv_user_pictures/1f47965f-7961-4b64-ad6f-71808d7d7fe9-profile_image-300x300.png
83,/hasanabi,https://static-cdn.jtvnw.net/jtv_user_pictures/0347a9aa-e396-49a5-b0f1-31261704bab8-profile_image-300x300.jpeg
84,/fazebanks,https://static-cdn.jtvnw.net/jtv_user_pictures/7523bcff-ce20-4cdd-8706-bc1058768775-profile_image-300x300.png
85,/loltyler1,https://static-cdn.jtvnw.net/jtv_user_pictures/f3591dbe4ee3d94b-profile_image-300x300.png
86,/shroud,https://static-cdn.jtvnw.net/jtv_user_pictures/7ed5e0c6-0191-4eef-8328-4af6e4ea5318-profile_image-300x300.png
87,/lcs,https://static-cdn.jtvnw.net/jtv_user_pictures/79c4b6e4-0c9f-481b-88f6-d1353345eade-profile_image-300x300.png
88,/tenz,https://static-cdn.jtvnw.net/jtv_user_pictures/be617983-20cf-4bf2-97a6-5363d0205ae6-profile_image-300x300.png
89,/esl_dota2,https://static-cdn.jtvnw.net/jtv_user_pictures/52ef5525-b19f-44f1-b342-2a7e33c45cc3-profile_image-300x300.jpeg
90,/nmplol,https://static-cdn.jtvnw.net/jtv_user_pictures/e4d9bf96-311d-487a-b5eb-9f9a94e0f795-profile_image-300x300.png
91,/buddha,https://static-cdn.jtvnw.net/jtv_user_pictures/7f1cd66d-f145-4a0f-8e0e-5196c9c87410-profile_image-300x300.png
92,/pokimane,https://static-cdn.jtvnw.net/jtv_user_pictures/beeafc17-3ebe-4e1d-b250-404f1ea56988-profile_image-300x300.png
93,/crown,https://static-cdn.jtvnw.net/jtv_user_pictures/6781c083-9dde-444d-92cd-7e7704967147-profile_image-300x300.png
94,/summit1g,https://static-cdn.jtvnw.net/jtv_user_pictures/99aa4739-21d6-40af-86ae-4b4d3457fce4-profile_image-300x300.png
95,/lirik,https://static-cdn.jtvnw.net/jtv_user_pictures/27fdad08-a2c2-4e0b-8983-448c39519643-profile_image-300x300.png
96,/valorant,https://static-cdn.jtvnw.net/jtv_user_pictures/811dc7d4-1079-4ead-8b48-97f3ff4fa361-profile_image-300x300.png
97,/roshtein,https://static-cdn.jtvnw.net/jtv_user_pictures/fdff3559-e0cc-4c12-b93a-13c0d9a02c64-profile_image-300x300.png
98,/nasa,https://static-cdn.jtvnw.net/jtv_user_pictures/nasa-profile_image-739106d9e1948b76-300x300.png
99,/g4tv,https://static-cdn.jtvnw.net/jtv_user_pictures/1613b6a1-2a81-4f7b-84b9-ed43ad322727-profile_image-300x300.png
100,/ricegum,https://static-cdn.jtvnw.net/jtv_user_pictures/ricegum-profile_image-f71f2c4fb046645a-300x300.png
101,/xqcisoffline,https://static-cdn.jtvnw.net/user-default-pictures-uv/998f01ae-def8-11e9-b95c-784f43822e80-profile_image-300x300.png
102,/sodapoppin,https://static-cdn.jtvnw.net/jtv_user_pictures/ffae100f-96b3-4863-8415-71750169d734-profile_image-300x300.png
103,/swagg,https://static-cdn.jtvnw.net/jtv_user_pictures/swagg-profile_image-a0898c1b75f6094d-300x300.png
104,/limit_maximum,https://static-cdn.jtvnw.net/jtv_user_pictures/c67f5670-2877-4d51-b42a-38c8cf20fe31-profile_image-300x300.png
105,/clix,https://static-cdn.jtvnw.net/jtv_user_pictures/c829484a-c662-40de-a243-00ec253cabbb-profile_image-300x300.png
106,/michaelreeves,https://static-cdn.jtvnw.net/jtv_user_pictures/2e0ea0df-3869-46ab-a6a0-445978af7bcc-profile_image-300x300.png
107,/bowerypresents,https://static-cdn.jtvnw.net/jtv_user_pictures/c2791446-7785-4aa6-ba9b-4e1ac4629ac3-profile_image-300x300.png
108,/esl_csgob,https://static-cdn.jtvnw.net/jtv_user_pictures/88ebc32c-7684-4cbd-a4fe-c26997ad8875-profile_image-300x300.jpeg
109,/rekkles,https://static-cdn.jtvnw.net/jtv_user_pictures/b4c1081a-550d-4055-b889-9d984e5b2596-profile_image-300x300.png
110,/moonmoon,https://static-cdn.jtvnw.net/jtv_user_pictures/3973e918fe7cc8c8-profile_image-300x300.png
111,/fundy,https://static-cdn.jtvnw.net/jtv_user_pictures/de9a07ab-b2bb-4dd0-9dec-545a9305e32b-profile_image-300x300.png
112,/netflix,https://static-cdn.jtvnw.net/jtv_user_pictures/955cd85f-9dea-4898-b66a-c83051bf2706-profile_image-300x300.png
113,/hiko,https://static-cdn.jtvnw.net/jtv_user_pictures/14d8f9eb-73bc-4a00-9730-aa45b5522c4d-profile_image-300x300.png
114,/esl_dota2b,https://static-cdn.jtvnw.net/jtv_user_pictures/cded7353-f6b2-442a-bde3-15760d19a4de-profile_image-300x300.jpeg
115,/ludwig,https://static-cdn.jtvnw.net/jtv_user_pictures/bde8aaf5-35d4-4503-9797-842401da900f-profile_image-300x300.png
116,/ratedepicz,https://static-cdn.jtvnw.net/jtv_user_pictures/647b139f-4cd1-4a6f-9dc2-40113781bf15-profile_image-300x300.png
117,/nihachu,https://static-cdn.jtvnw.net/jtv_user_pictures/f4f7012f-f48a-43ce-b011-7cfe78588719-profile_image-300x300.png
118,/frost_,https://static-cdn.jtvnw.net/jtv_user_pictures/f7494e55-a36f-4f8f-9ca7-a3cb8eb32fd5-profile_image-300x300.png
119,/fortnite,https://static-cdn.jtvnw.net/jtv_user_pictures/6bcd4cc3-635e-46f9-b2a9-d61215bee4ba-profile_image-300x300.png
120,/twix,https://static-cdn.jtvnw.net/jtv_user_pictures/7707e7bb-cbc4-4ccc-ae4b-ae9701b375a5-profile_image-300x300.png
121,/benjyfishy,https://static-cdn.jtvnw.net/jtv_user_pictures/1aea44a4-d85b-401e-b9f5-cb6906d77594-profile_image-300x300.png
122,/tfue,https://static-cdn.jtvnw.net/jtv_user_pictures/82b63a01-628f-4c81-9b05-dd3a5011fdda-profile_image-300x300.png
123,/primevideouk,https://static-cdn.jtvnw.net/jtv_user_pictures/365c19b9-f3e0-4663-848d-8d5b67e37a72-profile_image-300x300.png
124,/twitchrivals,https://static-cdn.jtvnw.net/jtv_user_pictures/d1dffa5b-d693-4377-abf3-a416ef8acff7-profile_image-300x300.png
125,/aydan,https://static-cdn.jtvnw.net/jtv_user_pictures/3c7e4307-f540-4415-84b3-513ce143f0ae-profile_image-300x300.png
126,/doublelift,https://static-cdn.jtvnw.net/jtv_user_pictures/doublelift-profile_image-3cd6f7042b23a619-300x300.jpeg
127,/fextralife,https://static-cdn.jtvnw.net/jtv_user_pictures/a28b0d37-81d0-415a-8ed8-1a1f998ea26d-profile_image-300x300.png
128,/yourragegaming,https://static-cdn.jtvnw.net/jtv_user_pictures/70c63d12-ecae-485c-9bca-3d3f3ad5782a-profile_image-300x300.png
129,/z_laner,https://static-cdn.jtvnw.net/jtv_user_pictures/28e6a3a3-90be-46be-9f7c-8310f76b17f4-profile_image-300x300.png
130,/kyedae,https://static-cdn.jtvnw.net/jtv_user_pictures/d7bab577-5fec-4ce7-9410-6bd46e0bce87-profile_image-300x300.png
131,/jerma985,https://static-cdn.jtvnw.net/jtv_user_pictures/jerma985-profile_image-447425e773e6fd5c-300x300.jpeg
132,/amouranth,https://static-cdn.jtvnw.net/jtv_user_pictures/8aa0b7dc-e4b0-4666-a99f-5d62d9bf168a-profile_image-300x300.png
133,/lvndmark,https://static-cdn.jtvnw.net/jtv_user_pictures/8dcaf96d-68ee-4fc6-bfdc-fdfc564e134a-profile_image-300x300.png
134,/ramee,https://static-cdn.jtvnw.net/jtv_user_pictures/852b713a-dd69-4a15-9edb-384b8edd3d2d-profile_image-300x300.png
135,/blackdesertgame,https://static-cdn.jtvnw.net/jtv_user_pictures/6979d705-300b-4f1e-ac9b-b5dd957d4899-profile_image-300x300.png
136,/zackrawrr,https://static-cdn.jtvnw.net/jtv_user_pictures/a9ce83ba-c0bd-49cc-83bd-9d17647a211a-profile_image-300x300.png
137,/flight23white,https://static-cdn.jtvnw.net/jtv_user_pictures/177ab857-72bf-43be-b36c-3afb3d1094f1-profile_image-300x300.png
138,/gorgc,https://static-cdn.jtvnw.net/jtv_user_pictures/gorgc-profile_image-469e05d25a1e8594-300x300.jpeg
139,/foolish__gamers,https://static-cdn.jtvnw.net/jtv_user_pictures/66e83125-195e-4431-bde8-89ac425a9038-profile_image-300x300.png
140,/valorantesports2,https://static-cdn.jtvnw.net/jtv_user_pictures/15e21e44-1911-4e21-ae5a-4c1085379216-profile_image-300x300.png
141,/tsm_imperialhal,https://static-cdn.jtvnw.net/jtv_user_pictures/039b8034-2b66-4d30-97ec-15bf08f219d9-profile_image-300x300.png
142,/warframe,https://static-cdn.jtvnw.net/jtv_user_pictures/15c3de17-0abf-49a6-8d96-4b82109e1464-profile_image-300x300.png
143,/indiefoxx,https://static-cdn.jtvnw.net/jtv_user_pictures/8c88950e-0e32-436d-bce5-d80be8d03799-profile_image-300x300.png
144,/disguisedtoast,https://static-cdn.jtvnw.net/jtv_user_pictures/disguisedtoast-profile_image-56c467ceb53239f5-300x300.jpeg
145,/shahzam,https://static-cdn.jtvnw.net/jtv_user_pictures/bce876db-0749-4933-be0b-84d62a2a8338-profile_image-300x300.png
146,/cohhcarnage,https://static-cdn.jtvnw.net/jtv_user_pictures/ed72b641-83ea-4ee6-81fd-aa195759c512-profile_image-300x300.png
147,/maximilian_dood,https://static-cdn.jtvnw.net/jtv_user_pictures/maximilian_dood-profile_image-c6e12e1798861491-300x300.png
148,/truegeordie,https://static-cdn.jtvnw.net/jtv_user_pictures/965d4bf5-900e-49ea-bf95-cd8e0a9bd50f-profile_image-300x300.png
149,/castro_1021,https://static-cdn.jtvnw.net/jtv_user_pictures/ed0f84d6-2d2d-4c4e-a5fe-7a3cc365684a-profile_image-300x300.jpg
150,/lpl,https://static-cdn.jtvnw.net/jtv_user_pictures/a5b6fd5c-9aeb-4af2-b1eb-26077fd4f44b-profile_image-300x300.png
151,/cloakzy,https://static-cdn.jtvnw.net/jtv_user_pictures/320226c6-f422-4baf-8ed2-1be7eb3757e6-profile_image-300x300.png
152,/starladder_cs_en,https://static-cdn.jtvnw.net/jtv_user_pictures/01646320-f468-4b3c-82e9-c50760cfa1ef-profile_image-300x300.png
153,/forsen,https://static-cdn.jtvnw.net/jtv_user_pictures/forsen-profile_image-48b43e1e4f54b5c8-300x300.png
154,/paymoneywubby,https://static-cdn.jtvnw.net/jtv_user_pictures/6624a175-5e4c-4d12-aaeb-993810378640-profile_image-300x300.png
155,/admiralbahroo,https://static-cdn.jtvnw.net/jtv_user_pictures/06053ff1-17a1-4ba8-8e8e-bda2071aa5af-profile_image-300x300.png
156,/aceu,https://static-cdn.jtvnw.net/jtv_user_pictures/c7a4c96e-a434-4dfa-9bcf-6190995dd536-profile_image-300x300.png
157,/usabasketball,https://static-cdn.jtvnw.net/jtv_user_pictures/797fa4a9-fd39-465d-961e-205514c22f14-profile_image-300x300.png
158,/pestily,https://static-cdn.jtvnw.net/jtv_user_pictures/97eba442-5f6b-42a2-8d3e-9067699077b7-profile_image-300x300.png
159,/capcomfighters,https://static-cdn.jtvnw.net/jtv_user_pictures/258572a3-5760-4ab7-9371-a8c198f5748e-profile_image-300x300.png
160,/twitchsports,https://static-cdn.jtvnw.net/jtv_user_pictures/01eb8b39-901d-4c00-8985-02cbfe0627b2-profile_image-300x300.png
161,/imkaicenat,https://static-cdn.jtvnw.net/jtv_user_pictures/1d8cd548-04fa-49fb-bfcd-f222f73482b6-profile_image-300x300.png
162,/drlupo,https://static-cdn.jtvnw.net/jtv_user_pictures/a6af42bf-64db-42f6-9db6-88d3e85e4c34-profile_image-300x300.png
163,/clintstevens,https://static-cdn.jtvnw.net/jtv_user_pictures/d757a0027a2bb2e9-profile_image-300x300.jpeg
164,/scream,https://static-cdn.jtvnw.net/jtv_user_pictures/09fa12fa-b1be-40f5-bae1-e5b776a7736b-profile_image-300x300.png
165,/punz,https://static-cdn.jtvnw.net/jtv_user_pictures/321ccdc6-54d1-4f0f-9ac3-c1fca45c91ca-profile_image-300x300.png
166,/richwcampbell,https://static-cdn.jtvnw.net/jtv_user_pictures/b4fbeb77-2433-4151-85a3-475106e0bcb5-profile_image-300x300.png
167,/quin69,https://static-cdn.jtvnw.net/jtv_user_pictures/1c8e83f7-8241-47ce-abbd-438075e95ad4-profile_image-300x300.png
168,/jankos,https://static-cdn.jtvnw.net/jtv_user_pictures/d6bd2665e718bcb3-profile_image-300x300.png
169,/brucedropemoff,https://static-cdn.jtvnw.net/jtv_user_pictures/942bca8c-21f3-4e13-a4ef-148dca11ce7e-profile_image-300x300.png
170,/moistcr1tikal,https://static-cdn.jtvnw.net/jtv_user_pictures/df6f775d-8794-4cbe-aa85-dbdc72975696-profile_image-300x300.png
171,/iitztimmy,https://static-cdn.jtvnw.net/jtv_user_pictures/fdd603ec-4370-4269-b12c-8f643f1f23dc-profile_image-300x300.png
172,/amazonmusic,https://static-cdn.jtvnw.net/jtv_user_pictures/2af1608a-b130-469f-8f61-9749cf62f925-profile_image-300x300.png
173,/vinnie,https://static-cdn.jtvnw.net/jtv_user_pictures/05f12a04-0ae5-488f-9307-8d39456bb413-profile_image-300x300.png
174,/esl_csgo,https://static-cdn.jtvnw.net/jtv_user_pictures/1975b18f-fa7d-443f-b191-fba08f92f3a2-profile_image-300x300.jpeg
175,/diazbiffle,https://static-cdn.jtvnw.net/jtv_user_pictures/1cfee567-0b9c-4428-8281-c94f397a5cea-profile_image-300x300.png
176,/captainpuffy,https://static-cdn.jtvnw.net/jtv_user_pictures/39a078bf-85cf-4ba0-8957-a597bbda1977-profile_image-300x300.png
177,/symfuhny,https://static-cdn.jtvnw.net/jtv_user_pictures/1d41de3c-731d-41ae-b0e7-615ad74db8f3-profile_image-300x300.png
178,/stableronaldo_,https://static-cdn.jtvnw.net/jtv_user_pictures/ccdbd374-71d9-494e-8c91-0720a2bd82f9-profile_image-300x300.png
179,/kitboga,https://static-cdn.jtvnw.net/jtv_user_pictures/626267a4-91d7-42cf-87c1-593eafd020da-profile_image-300x300.png
180,/tinakitten,https://static-cdn.jtvnw.net/jtv_user_pictures/4eadab7a-eb89-4205-b89f-6da0b2c2bf36-profile_image-300x300.png
181,/penta,https://static-cdn.jtvnw.net/jtv_user_pictures/2a74b7da-4c2f-4a20-8a02-c7d77064c281-profile_image-300x300.png
182,/im_dontai,https://static-cdn.jtvnw.net/jtv_user_pictures/84ad3621-714c-4dc7-b4a5-f0394d361457-profile_image-300x300.png
183,/redbull,https://static-cdn.jtvnw.net/jtv_user_pictures/be8c04af-8d55-49bc-a788-2b2f4d4d3079-profile_image-300x300.png
184,/fabrizioromano,https://static-cdn.jtvnw.net/jtv_user_pictures/0b693963-f4bd-4bd0-a6a6-899bc66ebde7-profile_image-300x300.png
185,/otzdarva,https://static-cdn.jtvnw.net/jtv_user_pictures/c072457bde806e51-profile_image-300x300.png
186,/nba_topshot,https://static-cdn.jtvnw.net/jtv_user_pictures/d76e174c-86d0-4de0-9567-619ff070ee20-profile_image-300x300.png
187,/mongraal,https://static-cdn.jtvnw.net/jtv_user_pictures/d378b8b2-d06f-46df-a4e5-15e46c60e0b5-profile_image-300x300.jpeg
188,/lilypichu,https://static-cdn.jtvnw.net/jtv_user_pictures/lilypichu-profile_image-9a1ba797a9721716-300x300.png
189,/anthonyz,https://static-cdn.jtvnw.net/jtv_user_pictures/781da428-ee53-4acb-b1a8-f4540dce5eff-profile_image-300x300.png
190,/nl_kripp,https://static-cdn.jtvnw.net/jtv_user_pictures/401068e0-820a-4d9f-9e7c-1e5563398458-profile_image-300x300.png
191,/heybigmike,https://static-cdn.jtvnw.net/jtv_user_pictures/e09689b8-a869-40b7-a5aa-5da9a78339cf-profile_image-300x300.png
192,/kyle,https://static-cdn.jtvnw.net/jtv_user_pictures/fd4c58f3-3b37-4340-a39f-8ee96ee496a4-profile_image-300x300.png
193,/purpled,https://static-cdn.jtvnw.net/jtv_user_pictures/5bdb1998-3fe5-4cbb-b764-7accf7f2edc8-profile_image-300x300.png
194,/zerkaa,https://static-cdn.jtvnw.net/jtv_user_pictures/6a8880bb-00be-4080-9649-2c2348548811-profile_image-300x300.png
195,/nyanners,https://static-cdn.jtvnw.net/jtv_user_pictures/b7aae733-adc1-4165-bd88-f973cf0351dd-profile_image-300x300.png
196,/boomerna,https://static-cdn.jtvnw.net/jtv_user_pictures/51b0f7e5-b832-473c-b37c-96a170407ae7-profile_image-300x300.png
197,/39daph,https://static-cdn.jtvnw.net/jtv_user_pictures/36d4c24a-e555-4941-ab91-8c9e13f7752b-profile_image-300x300.png
198,/gwbps_en,https://static-cdn.jtvnw.net/jtv_user_pictures/f982a4e1-d8ef-478f-985e-cff2be0c2904-profile_image-300x300.png
199,/quarterjade,https://static-cdn.jtvnw.net/jtv_user_pictures/cf1180ec-afad-410c-8776-02dc286ba5dc-profile_image-300x300.png
200,/sinatraa,https://static-cdn.jtvnw.net/jtv_user_pictures/d5de7613-5632-4c20-bf83-132f5e4c28ac-profile_image-300x300.png
